{"errors":[],"warnings":[],"namedChunkGroups":{"app":{"chunks":[3,1,0],"assets":["webpack-runtime-6325f01cfc8204c7dff0.js","webpack-runtime-6325f01cfc8204c7dff0.js.map","commons-15505dbdcd717bdf87dd.js","commons-15505dbdcd717bdf87dd.js.map","app-901f5929c480a9ffd786.js","app-901f5929c480a9ffd786.js.map"],"children":{},"childAssets":{}},"component---gatsby-theme-mdx-deck-src-templates-deck-js":{"chunks":[2],"assets":["component---gatsby-theme-mdx-deck-src-templates-deck-js-862c04b17d6a8697b9b0.js","component---gatsby-theme-mdx-deck-src-templates-deck-js-862c04b17d6a8697b9b0.js.map"],"children":{},"childAssets":{}}},"assetsByChunkName":{"app":["webpack-runtime-6325f01cfc8204c7dff0.js","commons-15505dbdcd717bdf87dd.js","app-901f5929c480a9ffd786.js"],"component---gatsby-theme-mdx-deck-src-templates-deck-js":["component---gatsby-theme-mdx-deck-src-templates-deck-js-862c04b17d6a8697b9b0.js"]}}