{"errors":[],"warnings":[],"namedChunkGroups":{"app":{"chunks":[3,1,0],"assets":["webpack-runtime-5017327dc9fe7dad66a8.js","webpack-runtime-5017327dc9fe7dad66a8.js.map","commons-935eabf5b6375e455323.js","commons-935eabf5b6375e455323.js.map","app-e2bb327efff29c28877e.js","app-e2bb327efff29c28877e.js.map"],"children":{},"childAssets":{}},"component---gatsby-theme-mdx-deck-src-templates-deck-js":{"chunks":[2],"assets":["component---gatsby-theme-mdx-deck-src-templates-deck-js-15a165a1a5f234a354f6.js","component---gatsby-theme-mdx-deck-src-templates-deck-js-15a165a1a5f234a354f6.js.map"],"children":{},"childAssets":{}}},"assetsByChunkName":{"app":["webpack-runtime-5017327dc9fe7dad66a8.js","commons-935eabf5b6375e455323.js","app-e2bb327efff29c28877e.js"],"component---gatsby-theme-mdx-deck-src-templates-deck-js":["component---gatsby-theme-mdx-deck-src-templates-deck-js-15a165a1a5f234a354f6.js"]}}